Run Number,Run History Configuration ID,Instance ID,Response Value (y),Censored?,Cutoff Time Used,Seed,Runtime,Run Length,Run Result Code,Run Quality,SMAC Iteration,SMAC Cumulative Runtime,Run Result,Additional Algorithm Run Data,Wall Clock Time,
1,1,1,-0.9,0,60.0,7811726,1.1797,0.0,1,-0.9,0,1.1797,SAT,,9.422,
2,1,1,-0.9,0,60.0,15435243,1.10175,0.0,1,-0.9,1,2.28145,SAT,,8.232,
3,2,1,-0.26666666666666666,0,60.0,15435243,1.129,0.0,1,-0.26666666666666666,1,3.41045,SAT,,7.741,
4,1,1,-0.9666666666666667,0,60.0,4147419,1.06597,0.0,1,-0.9666666666666667,1,4.47642,SAT,,7.804,
5,3,1,1.0E9,0,60.0,7811726,0.0,0.0,-1,1.0E9,1,4.47642,CRASHED,ERROR: Wrapper did not output anything that matched the expected output ("Result of algorithm run:..."). Please try executing the wrapper directly,7.855,
6,1,1,-0.9666666666666667,0,60.0,9477429,1.04797,0.0,1,-0.9666666666666667,2,5.52439,SAT,,7.727,
7,4,1,-0.26666666666666666,0,60.0,15435243,0.98967,0.0,1,-0.26666666666666666,2,6.514060000000001,SAT,,7.725,
8,1,1,-0.9333333333333333,0,60.0,4798161,1.08674,0.0,1,-0.9333333333333333,2,7.6008000000000004,SAT,,7.887,
9,5,1,1.0E9,0,60.0,4798161,0.0,0.0,-1,1.0E9,2,7.6008000000000004,CRASHED,ERROR: Wrapper did not output anything that matched the expected output ("Result of algorithm run:..."). Please try executing the wrapper directly,7.768,
