Run Number,Run History Configuration ID,Instance ID,Response Value (y),Censored?,Cutoff Time Used,Seed,Runtime,Run Length,Run Result Code,Run Quality,SMAC Iteration,SMAC Cumulative Runtime,Run Result,Additional Algorithm Run Data,Wall Clock Time,
1,1,1,-1.0,0,60.0,647467,1.18965,0.0,1,-1.0,0,1.18965,SAT,,9.385,
2,1,1,-0.9333333333333333,0,60.0,3713518,1.12024,0.0,1,-0.9333333333333333,1,2.30989,SAT,,8.262,
3,2,1,1.0E9,0,60.0,647467,0.0,0.0,-1,1.0E9,1,2.30989,CRASHED,ERROR: Wrapper did not output anything that matched the expected output ("Result of algorithm run:..."). Please try executing the wrapper directly,7.765,
4,1,1,-0.9333333333333333,0,60.0,7124830,1.10306,0.0,1,-0.9333333333333333,1,3.4129500000000004,SAT,,7.795,
5,3,1,-0.23333333333333334,0,60.0,3713518,1.07242,0.0,1,-0.23333333333333334,1,4.4853700000000005,SAT,,7.739,
6,1,1,-0.9333333333333333,0,60.0,2302011,1.04613,0.0,1,-0.9333333333333333,2,5.5315,SAT,,7.674,
7,4,1,-0.3333333333333333,0,60.0,647467,1.06793,0.0,1,-0.3333333333333333,2,6.59943,SAT,,7.747,
8,1,1,-0.9666666666666667,0,60.0,509277,1.0696,0.0,1,-0.9666666666666667,2,7.66903,SAT,,7.717,
9,5,1,-0.26666666666666666,0,60.0,647467,1.20361,0.0,1,-0.26666666666666666,2,8.87264,SAT,,7.782,
