Run Number,Run History Configuration ID,Instance ID,Response Value (y),Censored?,Cutoff Time Used,Seed,Runtime,Run Length,Run Result Code,Run Quality,SMAC Iteration,SMAC Cumulative Runtime,Run Result,Additional Algorithm Run Data,Wall Clock Time,
1,1,1,-1.0,0,60.0,3179984,1.17658,0.0,1,-1.0,0,1.17658,SAT,,9.387,
2,1,1,-0.9666666666666667,0,60.0,3131814,1.10521,0.0,1,-0.9666666666666667,1,2.28179,SAT,,8.125,
3,2,1,1.0E9,0,60.0,3179984,0.0,0.0,-1,1.0E9,1,2.28179,CRASHED,ERROR: Wrapper did not output anything that matched the expected output ("Result of algorithm run:..."). Please try executing the wrapper directly,7.714,
4,1,1,-1.0,0,60.0,13480336,1.07818,0.0,1,-1.0,1,3.3599699999999997,SAT,,7.751,
5,3,1,-0.3,0,60.0,3131814,1.255,0.0,1,-0.3,1,4.61497,SAT,,7.807,
6,1,1,-0.9666666666666667,0,60.0,7109060,1.02295,0.0,1,-0.9666666666666667,2,5.637919999999999,SAT,,7.717,
7,4,1,-0.26666666666666666,0,60.0,13480336,1.33555,0.0,1,-0.26666666666666666,2,6.973469999999999,SAT,,7.894,
8,1,1,-0.9333333333333333,0,60.0,4062677,1.08433,0.0,1,-0.9333333333333333,2,8.057799999999999,SAT,,7.718,
9,5,1,1.0E9,0,60.0,13480336,0.0,0.0,-1,1.0E9,2,8.057799999999999,CRASHED,ERROR: Wrapper did not output anything that matched the expected output ("Result of algorithm run:..."). Please try executing the wrapper directly,7.693,
