Run Number,Run History Configuration ID,Instance ID,Response Value (y),Censored?,Cutoff Time Used,Seed,Runtime,Run Length,Run Result Code,Run Quality,SMAC Iteration,SMAC Cumulative Runtime,Run Result,Additional Algorithm Run Data,Wall Clock Time,
1,1,1,-0.9333333333333333,0,60.0,12518249,1.1951,0.0,1,-0.9333333333333333,0,1.1951,SAT,,9.684,
2,1,1,-0.9333333333333333,0,60.0,15742289,1.05322,0.0,1,-0.9333333333333333,1,2.24832,SAT,,8.1,
3,2,1,-0.3,0,60.0,12518249,0.999134,0.0,1,-0.3,1,3.2474540000000003,SAT,,7.454,
4,1,1,-0.9333333333333333,0,60.0,1080097,1.05548,0.0,1,-0.9333333333333333,1,4.3029340000000005,SAT,,7.533,
5,3,1,1.0E9,0,60.0,15742289,0.0,0.0,-1,1.0E9,1,4.3029340000000005,CRASHED,ERROR: Wrapper did not output anything that matched the expected output ("Result of algorithm run:..."). Please try executing the wrapper directly,7.552,
6,1,1,-1.0,0,60.0,380913,1.02514,0.0,1,-1.0,2,5.328074000000001,SAT,,7.687,
7,4,1,-0.2,0,60.0,1080097,1.23246,0.0,1,-0.2,2,6.5605340000000005,SAT,,7.631,
8,1,1,-0.9666666666666667,0,60.0,7901998,1.02461,0.0,1,-0.9666666666666667,2,7.5851440000000006,SAT,,7.543,
9,5,1,1.0E9,0,60.0,15742289,0.0,0.0,-1,1.0E9,2,7.5851440000000006,CRASHED,ERROR: Wrapper did not output anything that matched the expected output ("Result of algorithm run:..."). Please try executing the wrapper directly,7.504,
